epsilon,size,number_of_threads,policy_type,id_rep,compression_ratio,space_saving,factorization_time,solve_time,clustering_type,low_rank_generator_type,symmetry_type,generator_type,hardware_type,version
1e-10,8192,1,par,0,5.55243,0.819899,9.64154,1.21096,PCARegularN,sympartialACA,S,Laplace,cpu_amd_irene,c348f93
1e-10,8192,1,par,mean,5.55243,0.819899,9.64154,1.21096,PCARegularN,sympartialACA,S,Laplace,cpu_amd_irene,c348f93
1e-10,8192,1,par,std_dev,nan,nan,nan,nan,PCARegularN,sympartialACA,S,Laplace,cpu_amd_irene,c348f93
1e-10,8192,2,par,0,5.55243,0.819899,5.33224,1.2101,PCARegularN,sympartialACA,S,Laplace,cpu_amd_irene,c348f93
1e-10,8192,2,par,mean,5.55243,0.819899,5.33224,1.2101,PCARegularN,sympartialACA,S,Laplace,cpu_amd_irene,c348f93
1e-10,8192,2,par,std_dev,nan,nan,nan,nan,PCARegularN,sympartialACA,S,Laplace,cpu_amd_irene,c348f93
1e-10,8192,4,par,0,5.55243,0.819899,3.47446,1.19859,PCARegularN,sympartialACA,S,Laplace,cpu_amd_irene,c348f93
1e-10,8192,4,par,mean,5.55243,0.819899,3.47446,1.19859,PCARegularN,sympartialACA,S,Laplace,cpu_amd_irene,c348f93
1e-10,8192,4,par,std_dev,nan,nan,nan,nan,PCARegularN,sympartialACA,S,Laplace,cpu_amd_irene,c348f93
1e-10,8192,8,par,0,5.55243,0.819899,2.90155,1.19995,PCARegularN,sympartialACA,S,Laplace,cpu_amd_irene,c348f93
1e-10,8192,8,par,mean,5.55243,0.819899,2.90155,1.19995,PCARegularN,sympartialACA,S,Laplace,cpu_amd_irene,c348f93
1e-10,8192,8,par,std_dev,nan,nan,nan,nan,PCARegularN,sympartialACA,S,Laplace,cpu_amd_irene,c348f93
1e-10,8192,16,par,0,5.55243,0.819899,2.88055,1.20563,PCARegularN,sympartialACA,S,Laplace,cpu_amd_irene,c348f93
1e-10,8192,16,par,mean,5.55243,0.819899,2.88055,1.20563,PCARegularN,sympartialACA,S,Laplace,cpu_amd_irene,c348f93
1e-10,8192,16,par,std_dev,nan,nan,nan,nan,PCARegularN,sympartialACA,S,Laplace,cpu_amd_irene,c348f93
1e-10,16384,1,par,0,9.08605,0.889941,25.8018,2.86225,PCARegularN,sympartialACA,S,Laplace,cpu_amd_irene,c348f93
1e-10,16384,1,par,mean,9.08605,0.889941,25.8018,2.86225,PCARegularN,sympartialACA,S,Laplace,cpu_amd_irene,c348f93
1e-10,16384,1,par,std_dev,nan,nan,nan,nan,PCARegularN,sympartialACA,S,Laplace,cpu_amd_irene,c348f93
1e-10,16384,2,par,0,9.08605,0.889941,15.1504,2.8626,PCARegularN,sympartialACA,S,Laplace,cpu_amd_irene,c348f93
1e-10,16384,2,par,mean,9.08605,0.889941,15.1504,2.8626,PCARegularN,sympartialACA,S,Laplace,cpu_amd_irene,c348f93
1e-10,16384,2,par,std_dev,nan,nan,nan,nan,PCARegularN,sympartialACA,S,Laplace,cpu_amd_irene,c348f93
1e-10,16384,4,par,0,9.08605,0.889941,10.3413,2.8508,PCARegularN,sympartialACA,S,Laplace,cpu_amd_irene,c348f93
1e-10,16384,4,par,mean,9.08605,0.889941,10.3413,2.8508,PCARegularN,sympartialACA,S,Laplace,cpu_amd_irene,c348f93
1e-10,16384,4,par,std_dev,nan,nan,nan,nan,PCARegularN,sympartialACA,S,Laplace,cpu_amd_irene,c348f93
1e-10,16384,8,par,0,9.08605,0.889941,9.14165,2.88418,PCARegularN,sympartialACA,S,Laplace,cpu_amd_irene,c348f93
1e-10,16384,8,par,mean,9.08605,0.889941,9.14165,2.88418,PCARegularN,sympartialACA,S,Laplace,cpu_amd_irene,c348f93
1e-10,16384,8,par,std_dev,nan,nan,nan,nan,PCARegularN,sympartialACA,S,Laplace,cpu_amd_irene,c348f93
1e-10,16384,16,par,0,9.08605,0.889941,9.04218,2.87158,PCARegularN,sympartialACA,S,Laplace,cpu_amd_irene,c348f93
1e-10,16384,16,par,mean,9.08605,0.889941,9.04218,2.87158,PCARegularN,sympartialACA,S,Laplace,cpu_amd_irene,c348f93
1e-10,16384,16,par,std_dev,nan,nan,nan,nan,PCARegularN,sympartialACA,S,Laplace,cpu_amd_irene,c348f93
1e-07,8192,1,par,0,8.44312,0.88156,5.63219,0.840035,PCARegularN,sympartialACA,S,Laplace,cpu_amd_irene,c348f93
1e-07,8192,1,par,mean,8.44312,0.88156,5.63219,0.840035,PCARegularN,sympartialACA,S,Laplace,cpu_amd_irene,c348f93
1e-07,8192,1,par,std_dev,nan,nan,nan,nan,PCARegularN,sympartialACA,S,Laplace,cpu_amd_irene,c348f93
1e-07,8192,2,par,0,8.44312,0.88156,3.27248,0.846283,PCARegularN,sympartialACA,S,Laplace,cpu_amd_irene,c348f93
1e-07,8192,2,par,mean,8.44312,0.88156,3.27248,0.846283,PCARegularN,sympartialACA,S,Laplace,cpu_amd_irene,c348f93
1e-07,8192,2,par,std_dev,nan,nan,nan,nan,PCARegularN,sympartialACA,S,Laplace,cpu_amd_irene,c348f93
1e-07,8192,4,par,0,8.44312,0.88156,2.27634,0.844567,PCARegularN,sympartialACA,S,Laplace,cpu_amd_irene,c348f93
1e-07,8192,4,par,mean,8.44312,0.88156,2.27634,0.844567,PCARegularN,sympartialACA,S,Laplace,cpu_amd_irene,c348f93
1e-07,8192,4,par,std_dev,nan,nan,nan,nan,PCARegularN,sympartialACA,S,Laplace,cpu_amd_irene,c348f93
1e-07,8192,8,par,0,8.44312,0.88156,1.97136,0.851404,PCARegularN,sympartialACA,S,Laplace,cpu_amd_irene,c348f93
1e-07,8192,8,par,mean,8.44312,0.88156,1.97136,0.851404,PCARegularN,sympartialACA,S,Laplace,cpu_amd_irene,c348f93
1e-07,8192,8,par,std_dev,nan,nan,nan,nan,PCARegularN,sympartialACA,S,Laplace,cpu_amd_irene,c348f93
1e-07,8192,16,par,0,8.44312,0.88156,1.94838,0.869972,PCARegularN,sympartialACA,S,Laplace,cpu_amd_irene,c348f93
1e-07,8192,16,par,mean,8.44312,0.88156,1.94838,0.869972,PCARegularN,sympartialACA,S,Laplace,cpu_amd_irene,c348f93
1e-07,8192,16,par,std_dev,nan,nan,nan,nan,PCARegularN,sympartialACA,S,Laplace,cpu_amd_irene,c348f93
1e-07,16384,1,par,0,14.1227,0.929192,14.5247,1.98209,PCARegularN,sympartialACA,S,Laplace,cpu_amd_irene,c348f93
1e-07,16384,1,par,mean,14.1227,0.929192,14.5247,1.98209,PCARegularN,sympartialACA,S,Laplace,cpu_amd_irene,c348f93
1e-07,16384,1,par,std_dev,nan,nan,nan,nan,PCARegularN,sympartialACA,S,Laplace,cpu_amd_irene,c348f93
1e-07,16384,2,par,0,14.1227,0.929192,8.93078,2.00368,PCARegularN,sympartialACA,S,Laplace,cpu_amd_irene,c348f93
1e-07,16384,2,par,mean,14.1227,0.929192,8.93078,2.00368,PCARegularN,sympartialACA,S,Laplace,cpu_amd_irene,c348f93
1e-07,16384,2,par,std_dev,nan,nan,nan,nan,PCARegularN,sympartialACA,S,Laplace,cpu_amd_irene,c348f93
1e-07,16384,4,par,0,14.1227,0.929192,6.50651,1.9972,PCARegularN,sympartialACA,S,Laplace,cpu_amd_irene,c348f93
1e-07,16384,4,par,mean,14.1227,0.929192,6.50651,1.9972,PCARegularN,sympartialACA,S,Laplace,cpu_amd_irene,c348f93
1e-07,16384,4,par,std_dev,nan,nan,nan,nan,PCARegularN,sympartialACA,S,Laplace,cpu_amd_irene,c348f93
1e-07,16384,8,par,0,14.1227,0.929192,5.86095,1.98611,PCARegularN,sympartialACA,S,Laplace,cpu_amd_irene,c348f93
1e-07,16384,8,par,mean,14.1227,0.929192,5.86095,1.98611,PCARegularN,sympartialACA,S,Laplace,cpu_amd_irene,c348f93
1e-07,16384,8,par,std_dev,nan,nan,nan,nan,PCARegularN,sympartialACA,S,Laplace,cpu_amd_irene,c348f93
1e-07,16384,16,par,0,14.1227,0.929192,5.85652,1.99716,PCARegularN,sympartialACA,S,Laplace,cpu_amd_irene,c348f93
1e-07,16384,16,par,mean,14.1227,0.929192,5.85652,1.99716,PCARegularN,sympartialACA,S,Laplace,cpu_amd_irene,c348f93
1e-07,16384,16,par,std_dev,nan,nan,nan,nan,PCARegularN,sympartialACA,S,Laplace,cpu_amd_irene,c348f93
0.0001,8192,1,par,0,15.3975,0.935054,2.96605,0.566769,PCARegularN,sympartialACA,S,Laplace,cpu_amd_irene,c348f93
0.0001,8192,1,par,mean,15.3975,0.935054,2.96605,0.566769,PCARegularN,sympartialACA,S,Laplace,cpu_amd_irene,c348f93
0.0001,8192,1,par,std_dev,nan,nan,nan,nan,PCARegularN,sympartialACA,S,Laplace,cpu_amd_irene,c348f93
0.0001,8192,2,par,0,15.3975,0.935054,1.82992,0.562264,PCARegularN,sympartialACA,S,Laplace,cpu_amd_irene,c348f93
0.0001,8192,2,par,mean,15.3975,0.935054,1.82992,0.562264,PCARegularN,sympartialACA,S,Laplace,cpu_amd_irene,c348f93
0.0001,8192,2,par,std_dev,nan,nan,nan,nan,PCARegularN,sympartialACA,S,Laplace,cpu_amd_irene,c348f93
0.0001,8192,4,par,0,15.3975,0.935054,1.37614,0.568879,PCARegularN,sympartialACA,S,Laplace,cpu_amd_irene,c348f93
0.0001,8192,4,par,mean,15.3975,0.935054,1.37614,0.568879,PCARegularN,sympartialACA,S,Laplace,cpu_amd_irene,c348f93
0.0001,8192,4,par,std_dev,nan,nan,nan,nan,PCARegularN,sympartialACA,S,Laplace,cpu_amd_irene,c348f93
0.0001,8192,8,par,0,15.3975,0.935054,1.26355,0.567258,PCARegularN,sympartialACA,S,Laplace,cpu_amd_irene,c348f93
0.0001,8192,8,par,mean,15.3975,0.935054,1.26355,0.567258,PCARegularN,sympartialACA,S,Laplace,cpu_amd_irene,c348f93
0.0001,8192,8,par,std_dev,nan,nan,nan,nan,PCARegularN,sympartialACA,S,Laplace,cpu_amd_irene,c348f93
0.0001,8192,16,par,0,15.3975,0.935054,1.27229,0.573403,PCARegularN,sympartialACA,S,Laplace,cpu_amd_irene,c348f93
0.0001,8192,16,par,mean,15.3975,0.935054,1.27229,0.573403,PCARegularN,sympartialACA,S,Laplace,cpu_amd_irene,c348f93
0.0001,8192,16,par,std_dev,nan,nan,nan,nan,PCARegularN,sympartialACA,S,Laplace,cpu_amd_irene,c348f93
0.0001,16384,1,par,0,26.1216,0.961717,7.78666,1.35162,PCARegularN,sympartialACA,S,Laplace,cpu_amd_irene,c348f93
0.0001,16384,1,par,mean,26.1216,0.961717,7.78666,1.35162,PCARegularN,sympartialACA,S,Laplace,cpu_amd_irene,c348f93
0.0001,16384,1,par,std_dev,nan,nan,nan,nan,PCARegularN,sympartialACA,S,Laplace,cpu_amd_irene,c348f93
0.0001,16384,2,par,0,26.1216,0.961717,5.00245,1.39044,PCARegularN,sympartialACA,S,Laplace,cpu_amd_irene,c348f93
0.0001,16384,2,par,mean,26.1216,0.961717,5.00245,1.39044,PCARegularN,sympartialACA,S,Laplace,cpu_amd_irene,c348f93
0.0001,16384,2,par,std_dev,nan,nan,nan,nan,PCARegularN,sympartialACA,S,Laplace,cpu_amd_irene,c348f93
0.0001,16384,4,par,0,26.1216,0.961717,3.95368,1.36934,PCARegularN,sympartialACA,S,Laplace,cpu_amd_irene,c348f93
0.0001,16384,4,par,mean,26.1216,0.961717,3.95368,1.36934,PCARegularN,sympartialACA,S,Laplace,cpu_amd_irene,c348f93
0.0001,16384,4,par,std_dev,nan,nan,nan,nan,PCARegularN,sympartialACA,S,Laplace,cpu_amd_irene,c348f93
0.0001,16384,8,par,0,26.1216,0.961717,3.69373,1.37113,PCARegularN,sympartialACA,S,Laplace,cpu_amd_irene,c348f93
0.0001,16384,8,par,mean,26.1216,0.961717,3.69373,1.37113,PCARegularN,sympartialACA,S,Laplace,cpu_amd_irene,c348f93
0.0001,16384,8,par,std_dev,nan,nan,nan,nan,PCARegularN,sympartialACA,S,Laplace,cpu_amd_irene,c348f93
0.0001,16384,16,par,0,26.1216,0.961717,3.72256,1.37602,PCARegularN,sympartialACA,S,Laplace,cpu_amd_irene,c348f93
0.0001,16384,16,par,mean,26.1216,0.961717,3.72256,1.37602,PCARegularN,sympartialACA,S,Laplace,cpu_amd_irene,c348f93
0.0001,16384,16,par,std_dev,nan,nan,nan,nan,PCARegularN,sympartialACA,S,Laplace,cpu_amd_irene,c348f93
1e-10,8192,1,par,0,3.94471,0.746496,46.7416,2.74079,PCARegularN,sympartialACA,S,Helmholtz,cpu_amd_irene,c348f93
1e-10,8192,1,par,mean,3.94471,0.746496,46.7416,2.74079,PCARegularN,sympartialACA,S,Helmholtz,cpu_amd_irene,c348f93
1e-10,8192,1,par,std_dev,nan,nan,nan,nan,PCARegularN,sympartialACA,S,Helmholtz,cpu_amd_irene,c348f93
1e-10,8192,2,par,0,3.94471,0.746496,25.303,2.72217,PCARegularN,sympartialACA,S,Helmholtz,cpu_amd_irene,c348f93
1e-10,8192,2,par,mean,3.94471,0.746496,25.303,2.72217,PCARegularN,sympartialACA,S,Helmholtz,cpu_amd_irene,c348f93
1e-10,8192,2,par,std_dev,nan,nan,nan,nan,PCARegularN,sympartialACA,S,Helmholtz,cpu_amd_irene,c348f93
1e-10,8192,4,par,0,3.94471,0.746496,14.9844,2.70828,PCARegularN,sympartialACA,S,Helmholtz,cpu_amd_irene,c348f93
1e-10,8192,4,par,mean,3.94471,0.746496,14.9844,2.70828,PCARegularN,sympartialACA,S,Helmholtz,cpu_amd_irene,c348f93
1e-10,8192,4,par,std_dev,nan,nan,nan,nan,PCARegularN,sympartialACA,S,Helmholtz,cpu_amd_irene,c348f93
1e-10,8192,8,par,0,3.94471,0.746496,11.5388,2.76938,PCARegularN,sympartialACA,S,Helmholtz,cpu_amd_irene,c348f93
1e-10,8192,8,par,mean,3.94471,0.746496,11.5388,2.76938,PCARegularN,sympartialACA,S,Helmholtz,cpu_amd_irene,c348f93
1e-10,8192,8,par,std_dev,nan,nan,nan,nan,PCARegularN,sympartialACA,S,Helmholtz,cpu_amd_irene,c348f93
1e-10,8192,16,par,0,3.94471,0.746496,11.4565,2.75481,PCARegularN,sympartialACA,S,Helmholtz,cpu_amd_irene,c348f93
1e-10,8192,16,par,mean,3.94471,0.746496,11.4565,2.75481,PCARegularN,sympartialACA,S,Helmholtz,cpu_amd_irene,c348f93
1e-10,8192,16,par,std_dev,nan,nan,nan,nan,PCARegularN,sympartialACA,S,Helmholtz,cpu_amd_irene,c348f93
1e-10,16384,1,par,0,6.53471,0.846971,118.213,6.46898,PCARegularN,sympartialACA,S,Helmholtz,cpu_amd_irene,c348f93
1e-10,16384,1,par,mean,6.53471,0.846971,118.213,6.46898,PCARegularN,sympartialACA,S,Helmholtz,cpu_amd_irene,c348f93
1e-10,16384,1,par,std_dev,nan,nan,nan,nan,PCARegularN,sympartialACA,S,Helmholtz,cpu_amd_irene,c348f93
1e-10,16384,2,par,0,6.53471,0.846971,66.5423,6.51491,PCARegularN,sympartialACA,S,Helmholtz,cpu_amd_irene,c348f93
1e-10,16384,2,par,mean,6.53471,0.846971,66.5423,6.51491,PCARegularN,sympartialACA,S,Helmholtz,cpu_amd_irene,c348f93
1e-10,16384,2,par,std_dev,nan,nan,nan,nan,PCARegularN,sympartialACA,S,Helmholtz,cpu_amd_irene,c348f93
1e-10,16384,4,par,0,6.53471,0.846971,42.24,6.40291,PCARegularN,sympartialACA,S,Helmholtz,cpu_amd_irene,c348f93
1e-10,16384,4,par,mean,6.53471,0.846971,42.24,6.40291,PCARegularN,sympartialACA,S,Helmholtz,cpu_amd_irene,c348f93
1e-10,16384,4,par,std_dev,nan,nan,nan,nan,PCARegularN,sympartialACA,S,Helmholtz,cpu_amd_irene,c348f93
1e-10,16384,8,par,0,6.53471,0.846971,33.4055,6.45335,PCARegularN,sympartialACA,S,Helmholtz,cpu_amd_irene,c348f93
1e-10,16384,8,par,mean,6.53471,0.846971,33.4055,6.45335,PCARegularN,sympartialACA,S,Helmholtz,cpu_amd_irene,c348f93
1e-10,16384,8,par,std_dev,nan,nan,nan,nan,PCARegularN,sympartialACA,S,Helmholtz,cpu_amd_irene,c348f93
1e-10,16384,16,par,0,6.53471,0.846971,32.9407,6.56753,PCARegularN,sympartialACA,S,Helmholtz,cpu_amd_irene,c348f93
1e-10,16384,16,par,mean,6.53471,0.846971,32.9407,6.56753,PCARegularN,sympartialACA,S,Helmholtz,cpu_amd_irene,c348f93
1e-10,16384,16,par,std_dev,nan,nan,nan,nan,PCARegularN,sympartialACA,S,Helmholtz,cpu_amd_irene,c348f93
1e-07,8192,1,par,0,5.6185,0.822017,25.9981,1.86955,PCARegularN,sympartialACA,S,Helmholtz,cpu_amd_irene,c348f93
1e-07,8192,1,par,mean,5.6185,0.822017,25.9981,1.86955,PCARegularN,sympartialACA,S,Helmholtz,cpu_amd_irene,c348f93
1e-07,8192,1,par,std_dev,nan,nan,nan,nan,PCARegularN,sympartialACA,S,Helmholtz,cpu_amd_irene,c348f93
1e-07,8192,2,par,0,5.6185,0.822017,14.3611,1.8808,PCARegularN,sympartialACA,S,Helmholtz,cpu_amd_irene,c348f93
1e-07,8192,2,par,mean,5.6185,0.822017,14.3611,1.8808,PCARegularN,sympartialACA,S,Helmholtz,cpu_amd_irene,c348f93
1e-07,8192,2,par,std_dev,nan,nan,nan,nan,PCARegularN,sympartialACA,S,Helmholtz,cpu_amd_irene,c348f93
1e-07,8192,4,par,0,5.6185,0.822017,9.14091,1.90324,PCARegularN,sympartialACA,S,Helmholtz,cpu_amd_irene,c348f93
1e-07,8192,4,par,mean,5.6185,0.822017,9.14091,1.90324,PCARegularN,sympartialACA,S,Helmholtz,cpu_amd_irene,c348f93
1e-07,8192,4,par,std_dev,nan,nan,nan,nan,PCARegularN,sympartialACA,S,Helmholtz,cpu_amd_irene,c348f93
1e-07,8192,8,par,0,5.6185,0.822017,7.11622,1.8947,PCARegularN,sympartialACA,S,Helmholtz,cpu_amd_irene,c348f93
1e-07,8192,8,par,mean,5.6185,0.822017,7.11622,1.8947,PCARegularN,sympartialACA,S,Helmholtz,cpu_amd_irene,c348f93
1e-07,8192,8,par,std_dev,nan,nan,nan,nan,PCARegularN,sympartialACA,S,Helmholtz,cpu_amd_irene,c348f93
1e-07,8192,16,par,0,5.6185,0.822017,7.01104,1.90611,PCARegularN,sympartialACA,S,Helmholtz,cpu_amd_irene,c348f93
1e-07,8192,16,par,mean,5.6185,0.822017,7.01104,1.90611,PCARegularN,sympartialACA,S,Helmholtz,cpu_amd_irene,c348f93
1e-07,8192,16,par,std_dev,nan,nan,nan,nan,PCARegularN,sympartialACA,S,Helmholtz,cpu_amd_irene,c348f93
1e-07,16384,1,par,0,9.62575,0.896112,62.5315,4.38782,PCARegularN,sympartialACA,S,Helmholtz,cpu_amd_irene,c348f93
1e-07,16384,1,par,mean,9.62575,0.896112,62.5315,4.38782,PCARegularN,sympartialACA,S,Helmholtz,cpu_amd_irene,c348f93
1e-07,16384,1,par,std_dev,nan,nan,nan,nan,PCARegularN,sympartialACA,S,Helmholtz,cpu_amd_irene,c348f93
1e-07,16384,2,par,0,9.62575,0.896112,36.3853,4.3413,PCARegularN,sympartialACA,S,Helmholtz,cpu_amd_irene,c348f93
1e-07,16384,2,par,mean,9.62575,0.896112,36.3853,4.3413,PCARegularN,sympartialACA,S,Helmholtz,cpu_amd_irene,c348f93
1e-07,16384,2,par,std_dev,nan,nan,nan,nan,PCARegularN,sympartialACA,S,Helmholtz,cpu_amd_irene,c348f93
1e-07,16384,4,par,0,9.62575,0.896112,23.7831,4.32388,PCARegularN,sympartialACA,S,Helmholtz,cpu_amd_irene,c348f93
1e-07,16384,4,par,mean,9.62575,0.896112,23.7831,4.32388,PCARegularN,sympartialACA,S,Helmholtz,cpu_amd_irene,c348f93
1e-07,16384,4,par,std_dev,nan,nan,nan,nan,PCARegularN,sympartialACA,S,Helmholtz,cpu_amd_irene,c348f93
1e-07,16384,8,par,0,9.62575,0.896112,19.5927,4.34715,PCARegularN,sympartialACA,S,Helmholtz,cpu_amd_irene,c348f93
1e-07,16384,8,par,mean,9.62575,0.896112,19.5927,4.34715,PCARegularN,sympartialACA,S,Helmholtz,cpu_amd_irene,c348f93
1e-07,16384,8,par,std_dev,nan,nan,nan,nan,PCARegularN,sympartialACA,S,Helmholtz,cpu_amd_irene,c348f93
1e-07,16384,16,par,0,9.62575,0.896112,19.5774,4.43525,PCARegularN,sympartialACA,S,Helmholtz,cpu_amd_irene,c348f93
1e-07,16384,16,par,mean,9.62575,0.896112,19.5774,4.43525,PCARegularN,sympartialACA,S,Helmholtz,cpu_amd_irene,c348f93
1e-07,16384,16,par,std_dev,nan,nan,nan,nan,PCARegularN,sympartialACA,S,Helmholtz,cpu_amd_irene,c348f93
0.0001,8192,1,par,0,9.63278,0.896188,10.4272,1.08329,PCARegularN,sympartialACA,S,Helmholtz,cpu_amd_irene,c348f93
0.0001,8192,1,par,mean,9.63278,0.896188,10.4272,1.08329,PCARegularN,sympartialACA,S,Helmholtz,cpu_amd_irene,c348f93
0.0001,8192,1,par,std_dev,nan,nan,nan,nan,PCARegularN,sympartialACA,S,Helmholtz,cpu_amd_irene,c348f93
0.0001,8192,2,par,0,9.63278,0.896188,6.08675,1.09716,PCARegularN,sympartialACA,S,Helmholtz,cpu_amd_irene,c348f93
0.0001,8192,2,par,mean,9.63278,0.896188,6.08675,1.09716,PCARegularN,sympartialACA,S,Helmholtz,cpu_amd_irene,c348f93
0.0001,8192,2,par,std_dev,nan,nan,nan,nan,PCARegularN,sympartialACA,S,Helmholtz,cpu_amd_irene,c348f93
0.0001,8192,4,par,0,9.63278,0.896188,3.99251,1.11254,PCARegularN,sympartialACA,S,Helmholtz,cpu_amd_irene,c348f93
0.0001,8192,4,par,mean,9.63278,0.896188,3.99251,1.11254,PCARegularN,sympartialACA,S,Helmholtz,cpu_amd_irene,c348f93
0.0001,8192,4,par,std_dev,nan,nan,nan,nan,PCARegularN,sympartialACA,S,Helmholtz,cpu_amd_irene,c348f93
0.0001,8192,8,par,0,9.63278,0.896188,3.3061,1.10516,PCARegularN,sympartialACA,S,Helmholtz,cpu_amd_irene,c348f93
0.0001,8192,8,par,mean,9.63278,0.896188,3.3061,1.10516,PCARegularN,sympartialACA,S,Helmholtz,cpu_amd_irene,c348f93
0.0001,8192,8,par,std_dev,nan,nan,nan,nan,PCARegularN,sympartialACA,S,Helmholtz,cpu_amd_irene,c348f93
0.0001,8192,16,par,0,9.63278,0.896188,3.36844,1.11489,PCARegularN,sympartialACA,S,Helmholtz,cpu_amd_irene,c348f93
0.0001,8192,16,par,mean,9.63278,0.896188,3.36844,1.11489,PCARegularN,sympartialACA,S,Helmholtz,cpu_amd_irene,c348f93
0.0001,8192,16,par,std_dev,nan,nan,nan,nan,PCARegularN,sympartialACA,S,Helmholtz,cpu_amd_irene,c348f93
0.0001,16384,1,par,0,16.8841,0.940773,25.4134,2.51282,PCARegularN,sympartialACA,S,Helmholtz,cpu_amd_irene,c348f93
0.0001,16384,1,par,mean,16.8841,0.940773,25.4134,2.51282,PCARegularN,sympartialACA,S,Helmholtz,cpu_amd_irene,c348f93
0.0001,16384,1,par,std_dev,nan,nan,nan,nan,PCARegularN,sympartialACA,S,Helmholtz,cpu_amd_irene,c348f93
0.0001,16384,2,par,0,16.8841,0.940773,15.4695,2.52625,PCARegularN,sympartialACA,S,Helmholtz,cpu_amd_irene,c348f93
0.0001,16384,2,par,mean,16.8841,0.940773,15.4695,2.52625,PCARegularN,sympartialACA,S,Helmholtz,cpu_amd_irene,c348f93
0.0001,16384,2,par,std_dev,nan,nan,nan,nan,PCARegularN,sympartialACA,S,Helmholtz,cpu_amd_irene,c348f93
0.0001,16384,4,par,0,16.8841,0.940773,10.7802,2.5478,PCARegularN,sympartialACA,S,Helmholtz,cpu_amd_irene,c348f93
0.0001,16384,4,par,mean,16.8841,0.940773,10.7802,2.5478,PCARegularN,sympartialACA,S,Helmholtz,cpu_amd_irene,c348f93
0.0001,16384,4,par,std_dev,nan,nan,nan,nan,PCARegularN,sympartialACA,S,Helmholtz,cpu_amd_irene,c348f93
0.0001,16384,8,par,0,16.8841,0.940773,9.66293,2.55862,PCARegularN,sympartialACA,S,Helmholtz,cpu_amd_irene,c348f93
0.0001,16384,8,par,mean,16.8841,0.940773,9.66293,2.55862,PCARegularN,sympartialACA,S,Helmholtz,cpu_amd_irene,c348f93
0.0001,16384,8,par,std_dev,nan,nan,nan,nan,PCARegularN,sympartialACA,S,Helmholtz,cpu_amd_irene,c348f93
0.0001,16384,16,par,0,16.8841,0.940773,9.44572,2.51771,PCARegularN,sympartialACA,S,Helmholtz,cpu_amd_irene,c348f93
0.0001,16384,16,par,mean,16.8841,0.940773,9.44572,2.51771,PCARegularN,sympartialACA,S,Helmholtz,cpu_amd_irene,c348f93
0.0001,16384,16,par,std_dev,nan,nan,nan,nan,PCARegularN,sympartialACA,S,Helmholtz,cpu_amd_irene,c348f93
