epsilon,size,number_of_threads,policy_type,id_rep,compression_ratio,space_saving,time,clustering_type,low_rank_generator_type,symmetry_type,generator_type,hardware_type,version
1e-10,262144,1,par,0,87.1699,0.988528,28.7138,PCARegularN,sympartialACA,S,Laplace,cpu_amd_irene,c348f93
1e-10,262144,1,par,mean,87.1699,0.988528,28.7138,PCARegularN,sympartialACA,S,Laplace,cpu_amd_irene,c348f93
1e-10,262144,1,par,stddev,nan,nan,nan,PCARegularN,sympartialACA,S,Laplace,cpu_amd_irene,c348f93
1e-10,262144,2,par,0,87.1699,0.988528,16.3512,PCARegularN,sympartialACA,S,Laplace,cpu_amd_irene,c348f93
1e-10,262144,2,par,mean,87.1699,0.988528,16.3512,PCARegularN,sympartialACA,S,Laplace,cpu_amd_irene,c348f93
1e-10,262144,2,par,stddev,nan,nan,nan,PCARegularN,sympartialACA,S,Laplace,cpu_amd_irene,c348f93
1e-10,262144,4,par,0,87.1699,0.988528,12.2953,PCARegularN,sympartialACA,S,Laplace,cpu_amd_irene,c348f93
1e-10,262144,4,par,mean,87.1699,0.988528,12.2953,PCARegularN,sympartialACA,S,Laplace,cpu_amd_irene,c348f93
1e-10,262144,4,par,stddev,nan,nan,nan,PCARegularN,sympartialACA,S,Laplace,cpu_amd_irene,c348f93
1e-10,262144,8,par,0,87.1699,0.988528,12.2551,PCARegularN,sympartialACA,S,Laplace,cpu_amd_irene,c348f93
1e-10,262144,8,par,mean,87.1699,0.988528,12.2551,PCARegularN,sympartialACA,S,Laplace,cpu_amd_irene,c348f93
1e-10,262144,8,par,stddev,nan,nan,nan,PCARegularN,sympartialACA,S,Laplace,cpu_amd_irene,c348f93
1e-10,262144,16,par,0,87.1699,0.988528,10.6936,PCARegularN,sympartialACA,S,Laplace,cpu_amd_irene,c348f93
1e-10,262144,16,par,mean,87.1699,0.988528,10.6936,PCARegularN,sympartialACA,S,Laplace,cpu_amd_irene,c348f93
1e-10,262144,16,par,stddev,nan,nan,nan,PCARegularN,sympartialACA,S,Laplace,cpu_amd_irene,c348f93
1e-10,262144,1,omp_task,0,87.1699,0.988528,27.5018,PCARegularN,sympartialACA,S,Laplace,cpu_amd_irene,c348f93
1e-10,262144,1,omp_task,mean,87.1699,0.988528,27.5018,PCARegularN,sympartialACA,S,Laplace,cpu_amd_irene,c348f93
1e-10,262144,1,omp_task,stddev,nan,nan,nan,PCARegularN,sympartialACA,S,Laplace,cpu_amd_irene,c348f93
1e-10,262144,2,omp_task,0,87.1699,0.988528,15.9352,PCARegularN,sympartialACA,S,Laplace,cpu_amd_irene,c348f93
1e-10,262144,2,omp_task,mean,87.1699,0.988528,15.9352,PCARegularN,sympartialACA,S,Laplace,cpu_amd_irene,c348f93
1e-10,262144,2,omp_task,stddev,nan,nan,nan,PCARegularN,sympartialACA,S,Laplace,cpu_amd_irene,c348f93
1e-10,262144,4,omp_task,0,87.1699,0.988528,13.5771,PCARegularN,sympartialACA,S,Laplace,cpu_amd_irene,c348f93
1e-10,262144,4,omp_task,mean,87.1699,0.988528,13.5771,PCARegularN,sympartialACA,S,Laplace,cpu_amd_irene,c348f93
1e-10,262144,4,omp_task,stddev,nan,nan,nan,PCARegularN,sympartialACA,S,Laplace,cpu_amd_irene,c348f93
1e-10,262144,8,omp_task,0,87.1699,0.988528,13.5763,PCARegularN,sympartialACA,S,Laplace,cpu_amd_irene,c348f93
1e-10,262144,8,omp_task,mean,87.1699,0.988528,13.5763,PCARegularN,sympartialACA,S,Laplace,cpu_amd_irene,c348f93
1e-10,262144,8,omp_task,stddev,nan,nan,nan,PCARegularN,sympartialACA,S,Laplace,cpu_amd_irene,c348f93
1e-10,262144,16,omp_task,0,87.1699,0.988528,12.5832,PCARegularN,sympartialACA,S,Laplace,cpu_amd_irene,c348f93
1e-10,262144,16,omp_task,mean,87.1699,0.988528,12.5832,PCARegularN,sympartialACA,S,Laplace,cpu_amd_irene,c348f93
1e-10,262144,16,omp_task,stddev,nan,nan,nan,PCARegularN,sympartialACA,S,Laplace,cpu_amd_irene,c348f93
1e-10,524288,1,par,0,157.908,0.993667,60.092,PCARegularN,sympartialACA,S,Laplace,cpu_amd_irene,c348f93
1e-10,524288,1,par,mean,157.908,0.993667,60.092,PCARegularN,sympartialACA,S,Laplace,cpu_amd_irene,c348f93
1e-10,524288,1,par,stddev,nan,nan,nan,PCARegularN,sympartialACA,S,Laplace,cpu_amd_irene,c348f93
1e-10,524288,2,par,0,157.908,0.993667,35.3197,PCARegularN,sympartialACA,S,Laplace,cpu_amd_irene,c348f93
1e-10,524288,2,par,mean,157.908,0.993667,35.3197,PCARegularN,sympartialACA,S,Laplace,cpu_amd_irene,c348f93
1e-10,524288,2,par,stddev,nan,nan,nan,PCARegularN,sympartialACA,S,Laplace,cpu_amd_irene,c348f93
1e-10,524288,4,par,0,157.908,0.993667,27.0257,PCARegularN,sympartialACA,S,Laplace,cpu_amd_irene,c348f93
1e-10,524288,4,par,mean,157.908,0.993667,27.0257,PCARegularN,sympartialACA,S,Laplace,cpu_amd_irene,c348f93
1e-10,524288,4,par,stddev,nan,nan,nan,PCARegularN,sympartialACA,S,Laplace,cpu_amd_irene,c348f93
1e-10,524288,8,par,0,157.908,0.993667,26.9528,PCARegularN,sympartialACA,S,Laplace,cpu_amd_irene,c348f93
1e-10,524288,8,par,mean,157.908,0.993667,26.9528,PCARegularN,sympartialACA,S,Laplace,cpu_amd_irene,c348f93
1e-10,524288,8,par,stddev,nan,nan,nan,PCARegularN,sympartialACA,S,Laplace,cpu_amd_irene,c348f93
1e-10,524288,16,par,0,157.908,0.993667,23.5337,PCARegularN,sympartialACA,S,Laplace,cpu_amd_irene,c348f93
1e-10,524288,16,par,mean,157.908,0.993667,23.5337,PCARegularN,sympartialACA,S,Laplace,cpu_amd_irene,c348f93
1e-10,524288,16,par,stddev,nan,nan,nan,PCARegularN,sympartialACA,S,Laplace,cpu_amd_irene,c348f93
1e-10,524288,1,omp_task,0,157.908,0.993667,60.444,PCARegularN,sympartialACA,S,Laplace,cpu_amd_irene,c348f93
1e-10,524288,1,omp_task,mean,157.908,0.993667,60.444,PCARegularN,sympartialACA,S,Laplace,cpu_amd_irene,c348f93
1e-10,524288,1,omp_task,stddev,nan,nan,nan,PCARegularN,sympartialACA,S,Laplace,cpu_amd_irene,c348f93
1e-10,524288,2,omp_task,0,157.908,0.993667,35.0236,PCARegularN,sympartialACA,S,Laplace,cpu_amd_irene,c348f93
1e-10,524288,2,omp_task,mean,157.908,0.993667,35.0236,PCARegularN,sympartialACA,S,Laplace,cpu_amd_irene,c348f93
1e-10,524288,2,omp_task,stddev,nan,nan,nan,PCARegularN,sympartialACA,S,Laplace,cpu_amd_irene,c348f93
1e-10,524288,4,omp_task,0,157.908,0.993667,30.0278,PCARegularN,sympartialACA,S,Laplace,cpu_amd_irene,c348f93
1e-10,524288,4,omp_task,mean,157.908,0.993667,30.0278,PCARegularN,sympartialACA,S,Laplace,cpu_amd_irene,c348f93
1e-10,524288,4,omp_task,stddev,nan,nan,nan,PCARegularN,sympartialACA,S,Laplace,cpu_amd_irene,c348f93
1e-10,524288,8,omp_task,0,157.908,0.993667,29.6657,PCARegularN,sympartialACA,S,Laplace,cpu_amd_irene,c348f93
1e-10,524288,8,omp_task,mean,157.908,0.993667,29.6657,PCARegularN,sympartialACA,S,Laplace,cpu_amd_irene,c348f93
1e-10,524288,8,omp_task,stddev,nan,nan,nan,PCARegularN,sympartialACA,S,Laplace,cpu_amd_irene,c348f93
1e-10,524288,16,omp_task,0,157.908,0.993667,28.1444,PCARegularN,sympartialACA,S,Laplace,cpu_amd_irene,c348f93
1e-10,524288,16,omp_task,mean,157.908,0.993667,28.1444,PCARegularN,sympartialACA,S,Laplace,cpu_amd_irene,c348f93
1e-10,524288,16,omp_task,stddev,nan,nan,nan,PCARegularN,sympartialACA,S,Laplace,cpu_amd_irene,c348f93
1e-07,262144,1,par,0,141.526,0.992934,19.3118,PCARegularN,sympartialACA,S,Laplace,cpu_amd_irene,c348f93
1e-07,262144,1,par,mean,141.526,0.992934,19.3118,PCARegularN,sympartialACA,S,Laplace,cpu_amd_irene,c348f93
1e-07,262144,1,par,stddev,nan,nan,nan,PCARegularN,sympartialACA,S,Laplace,cpu_amd_irene,c348f93
1e-07,262144,2,par,0,141.526,0.992934,11.2094,PCARegularN,sympartialACA,S,Laplace,cpu_amd_irene,c348f93
1e-07,262144,2,par,mean,141.526,0.992934,11.2094,PCARegularN,sympartialACA,S,Laplace,cpu_amd_irene,c348f93
1e-07,262144,2,par,stddev,nan,nan,nan,PCARegularN,sympartialACA,S,Laplace,cpu_amd_irene,c348f93
1e-07,262144,4,par,0,141.526,0.992934,8.01386,PCARegularN,sympartialACA,S,Laplace,cpu_amd_irene,c348f93
1e-07,262144,4,par,mean,141.526,0.992934,8.01386,PCARegularN,sympartialACA,S,Laplace,cpu_amd_irene,c348f93
1e-07,262144,4,par,stddev,nan,nan,nan,PCARegularN,sympartialACA,S,Laplace,cpu_amd_irene,c348f93
1e-07,262144,8,par,0,141.526,0.992934,7.69198,PCARegularN,sympartialACA,S,Laplace,cpu_amd_irene,c348f93
1e-07,262144,8,par,mean,141.526,0.992934,7.69198,PCARegularN,sympartialACA,S,Laplace,cpu_amd_irene,c348f93
1e-07,262144,8,par,stddev,nan,nan,nan,PCARegularN,sympartialACA,S,Laplace,cpu_amd_irene,c348f93
1e-07,262144,16,par,0,141.526,0.992934,6.7996,PCARegularN,sympartialACA,S,Laplace,cpu_amd_irene,c348f93
1e-07,262144,16,par,mean,141.526,0.992934,6.7996,PCARegularN,sympartialACA,S,Laplace,cpu_amd_irene,c348f93
1e-07,262144,16,par,stddev,nan,nan,nan,PCARegularN,sympartialACA,S,Laplace,cpu_amd_irene,c348f93
1e-07,262144,1,omp_task,0,141.526,0.992934,19.1553,PCARegularN,sympartialACA,S,Laplace,cpu_amd_irene,c348f93
1e-07,262144,1,omp_task,mean,141.526,0.992934,19.1553,PCARegularN,sympartialACA,S,Laplace,cpu_amd_irene,c348f93
1e-07,262144,1,omp_task,stddev,nan,nan,nan,PCARegularN,sympartialACA,S,Laplace,cpu_amd_irene,c348f93
1e-07,262144,2,omp_task,0,141.526,0.992934,10.9653,PCARegularN,sympartialACA,S,Laplace,cpu_amd_irene,c348f93
1e-07,262144,2,omp_task,mean,141.526,0.992934,10.9653,PCARegularN,sympartialACA,S,Laplace,cpu_amd_irene,c348f93
1e-07,262144,2,omp_task,stddev,nan,nan,nan,PCARegularN,sympartialACA,S,Laplace,cpu_amd_irene,c348f93
1e-07,262144,4,omp_task,0,141.526,0.992934,9.45599,PCARegularN,sympartialACA,S,Laplace,cpu_amd_irene,c348f93
1e-07,262144,4,omp_task,mean,141.526,0.992934,9.45599,PCARegularN,sympartialACA,S,Laplace,cpu_amd_irene,c348f93
1e-07,262144,4,omp_task,stddev,nan,nan,nan,PCARegularN,sympartialACA,S,Laplace,cpu_amd_irene,c348f93
1e-07,262144,8,omp_task,0,141.526,0.992934,9.44275,PCARegularN,sympartialACA,S,Laplace,cpu_amd_irene,c348f93
1e-07,262144,8,omp_task,mean,141.526,0.992934,9.44275,PCARegularN,sympartialACA,S,Laplace,cpu_amd_irene,c348f93
1e-07,262144,8,omp_task,stddev,nan,nan,nan,PCARegularN,sympartialACA,S,Laplace,cpu_amd_irene,c348f93
1e-07,262144,16,omp_task,0,141.526,0.992934,8.95509,PCARegularN,sympartialACA,S,Laplace,cpu_amd_irene,c348f93
1e-07,262144,16,omp_task,mean,141.526,0.992934,8.95509,PCARegularN,sympartialACA,S,Laplace,cpu_amd_irene,c348f93
1e-07,262144,16,omp_task,stddev,nan,nan,nan,PCARegularN,sympartialACA,S,Laplace,cpu_amd_irene,c348f93
1e-07,524288,1,par,0,257.844,0.996122,41.725,PCARegularN,sympartialACA,S,Laplace,cpu_amd_irene,c348f93
1e-07,524288,1,par,mean,257.844,0.996122,41.725,PCARegularN,sympartialACA,S,Laplace,cpu_amd_irene,c348f93
1e-07,524288,1,par,stddev,nan,nan,nan,PCARegularN,sympartialACA,S,Laplace,cpu_amd_irene,c348f93
1e-07,524288,2,par,0,257.844,0.996122,24.0423,PCARegularN,sympartialACA,S,Laplace,cpu_amd_irene,c348f93
1e-07,524288,2,par,mean,257.844,0.996122,24.0423,PCARegularN,sympartialACA,S,Laplace,cpu_amd_irene,c348f93
1e-07,524288,2,par,stddev,nan,nan,nan,PCARegularN,sympartialACA,S,Laplace,cpu_amd_irene,c348f93
1e-07,524288,4,par,0,257.844,0.996122,17.4934,PCARegularN,sympartialACA,S,Laplace,cpu_amd_irene,c348f93
1e-07,524288,4,par,mean,257.844,0.996122,17.4934,PCARegularN,sympartialACA,S,Laplace,cpu_amd_irene,c348f93
1e-07,524288,4,par,stddev,nan,nan,nan,PCARegularN,sympartialACA,S,Laplace,cpu_amd_irene,c348f93
1e-07,524288,8,par,0,257.844,0.996122,16.9769,PCARegularN,sympartialACA,S,Laplace,cpu_amd_irene,c348f93
1e-07,524288,8,par,mean,257.844,0.996122,16.9769,PCARegularN,sympartialACA,S,Laplace,cpu_amd_irene,c348f93
1e-07,524288,8,par,stddev,nan,nan,nan,PCARegularN,sympartialACA,S,Laplace,cpu_amd_irene,c348f93
1e-07,524288,16,par,0,257.844,0.996122,14.8643,PCARegularN,sympartialACA,S,Laplace,cpu_amd_irene,c348f93
1e-07,524288,16,par,mean,257.844,0.996122,14.8643,PCARegularN,sympartialACA,S,Laplace,cpu_amd_irene,c348f93
1e-07,524288,16,par,stddev,nan,nan,nan,PCARegularN,sympartialACA,S,Laplace,cpu_amd_irene,c348f93
1e-07,524288,1,omp_task,0,257.844,0.996122,41.3512,PCARegularN,sympartialACA,S,Laplace,cpu_amd_irene,c348f93
1e-07,524288,1,omp_task,mean,257.844,0.996122,41.3512,PCARegularN,sympartialACA,S,Laplace,cpu_amd_irene,c348f93
1e-07,524288,1,omp_task,stddev,nan,nan,nan,PCARegularN,sympartialACA,S,Laplace,cpu_amd_irene,c348f93
1e-07,524288,2,omp_task,0,257.844,0.996122,23.5723,PCARegularN,sympartialACA,S,Laplace,cpu_amd_irene,c348f93
1e-07,524288,2,omp_task,mean,257.844,0.996122,23.5723,PCARegularN,sympartialACA,S,Laplace,cpu_amd_irene,c348f93
1e-07,524288,2,omp_task,stddev,nan,nan,nan,PCARegularN,sympartialACA,S,Laplace,cpu_amd_irene,c348f93
1e-07,524288,4,omp_task,0,257.844,0.996122,20.7371,PCARegularN,sympartialACA,S,Laplace,cpu_amd_irene,c348f93
1e-07,524288,4,omp_task,mean,257.844,0.996122,20.7371,PCARegularN,sympartialACA,S,Laplace,cpu_amd_irene,c348f93
1e-07,524288,4,omp_task,stddev,nan,nan,nan,PCARegularN,sympartialACA,S,Laplace,cpu_amd_irene,c348f93
1e-07,524288,8,omp_task,0,257.844,0.996122,20.4605,PCARegularN,sympartialACA,S,Laplace,cpu_amd_irene,c348f93
1e-07,524288,8,omp_task,mean,257.844,0.996122,20.4605,PCARegularN,sympartialACA,S,Laplace,cpu_amd_irene,c348f93
1e-07,524288,8,omp_task,stddev,nan,nan,nan,PCARegularN,sympartialACA,S,Laplace,cpu_amd_irene,c348f93
1e-07,524288,16,omp_task,0,257.844,0.996122,19.5601,PCARegularN,sympartialACA,S,Laplace,cpu_amd_irene,c348f93
1e-07,524288,16,omp_task,mean,257.844,0.996122,19.5601,PCARegularN,sympartialACA,S,Laplace,cpu_amd_irene,c348f93
1e-07,524288,16,omp_task,stddev,nan,nan,nan,PCARegularN,sympartialACA,S,Laplace,cpu_amd_irene,c348f93
0.0001,262144,1,par,0,275.199,0.996366,13.8756,PCARegularN,sympartialACA,S,Laplace,cpu_amd_irene,c348f93
0.0001,262144,1,par,mean,275.199,0.996366,13.8756,PCARegularN,sympartialACA,S,Laplace,cpu_amd_irene,c348f93
0.0001,262144,1,par,stddev,nan,nan,nan,PCARegularN,sympartialACA,S,Laplace,cpu_amd_irene,c348f93
0.0001,262144,2,par,0,275.199,0.996366,7.78269,PCARegularN,sympartialACA,S,Laplace,cpu_amd_irene,c348f93
0.0001,262144,2,par,mean,275.199,0.996366,7.78269,PCARegularN,sympartialACA,S,Laplace,cpu_amd_irene,c348f93
0.0001,262144,2,par,stddev,nan,nan,nan,PCARegularN,sympartialACA,S,Laplace,cpu_amd_irene,c348f93
0.0001,262144,4,par,0,275.199,0.996366,5.05762,PCARegularN,sympartialACA,S,Laplace,cpu_amd_irene,c348f93
0.0001,262144,4,par,mean,275.199,0.996366,5.05762,PCARegularN,sympartialACA,S,Laplace,cpu_amd_irene,c348f93
0.0001,262144,4,par,stddev,nan,nan,nan,PCARegularN,sympartialACA,S,Laplace,cpu_amd_irene,c348f93
0.0001,262144,8,par,0,275.199,0.996366,4.37707,PCARegularN,sympartialACA,S,Laplace,cpu_amd_irene,c348f93
0.0001,262144,8,par,mean,275.199,0.996366,4.37707,PCARegularN,sympartialACA,S,Laplace,cpu_amd_irene,c348f93
0.0001,262144,8,par,stddev,nan,nan,nan,PCARegularN,sympartialACA,S,Laplace,cpu_amd_irene,c348f93
0.0001,262144,16,par,0,275.199,0.996366,3.90478,PCARegularN,sympartialACA,S,Laplace,cpu_amd_irene,c348f93
0.0001,262144,16,par,mean,275.199,0.996366,3.90478,PCARegularN,sympartialACA,S,Laplace,cpu_amd_irene,c348f93
0.0001,262144,16,par,stddev,nan,nan,nan,PCARegularN,sympartialACA,S,Laplace,cpu_amd_irene,c348f93
0.0001,262144,1,omp_task,0,275.199,0.996366,13.5646,PCARegularN,sympartialACA,S,Laplace,cpu_amd_irene,c348f93
0.0001,262144,1,omp_task,mean,275.199,0.996366,13.5646,PCARegularN,sympartialACA,S,Laplace,cpu_amd_irene,c348f93
0.0001,262144,1,omp_task,stddev,nan,nan,nan,PCARegularN,sympartialACA,S,Laplace,cpu_amd_irene,c348f93
0.0001,262144,2,omp_task,0,275.199,0.996366,7.55867,PCARegularN,sympartialACA,S,Laplace,cpu_amd_irene,c348f93
0.0001,262144,2,omp_task,mean,275.199,0.996366,7.55867,PCARegularN,sympartialACA,S,Laplace,cpu_amd_irene,c348f93
0.0001,262144,2,omp_task,stddev,nan,nan,nan,PCARegularN,sympartialACA,S,Laplace,cpu_amd_irene,c348f93
0.0001,262144,4,omp_task,0,275.199,0.996366,6.56248,PCARegularN,sympartialACA,S,Laplace,cpu_amd_irene,c348f93
0.0001,262144,4,omp_task,mean,275.199,0.996366,6.56248,PCARegularN,sympartialACA,S,Laplace,cpu_amd_irene,c348f93
0.0001,262144,4,omp_task,stddev,nan,nan,nan,PCARegularN,sympartialACA,S,Laplace,cpu_amd_irene,c348f93
0.0001,262144,8,omp_task,0,275.199,0.996366,6.50756,PCARegularN,sympartialACA,S,Laplace,cpu_amd_irene,c348f93
0.0001,262144,8,omp_task,mean,275.199,0.996366,6.50756,PCARegularN,sympartialACA,S,Laplace,cpu_amd_irene,c348f93
0.0001,262144,8,omp_task,stddev,nan,nan,nan,PCARegularN,sympartialACA,S,Laplace,cpu_amd_irene,c348f93
0.0001,262144,16,omp_task,0,275.199,0.996366,6.37198,PCARegularN,sympartialACA,S,Laplace,cpu_amd_irene,c348f93
0.0001,262144,16,omp_task,mean,275.199,0.996366,6.37198,PCARegularN,sympartialACA,S,Laplace,cpu_amd_irene,c348f93
0.0001,262144,16,omp_task,stddev,nan,nan,nan,PCARegularN,sympartialACA,S,Laplace,cpu_amd_irene,c348f93
0.0001,524288,1,par,0,501.513,0.998006,29.176,PCARegularN,sympartialACA,S,Laplace,cpu_amd_irene,c348f93
0.0001,524288,1,par,mean,501.513,0.998006,29.176,PCARegularN,sympartialACA,S,Laplace,cpu_amd_irene,c348f93
0.0001,524288,1,par,stddev,nan,nan,nan,PCARegularN,sympartialACA,S,Laplace,cpu_amd_irene,c348f93
0.0001,524288,2,par,0,501.513,0.998006,16.4086,PCARegularN,sympartialACA,S,Laplace,cpu_amd_irene,c348f93
0.0001,524288,2,par,mean,501.513,0.998006,16.4086,PCARegularN,sympartialACA,S,Laplace,cpu_amd_irene,c348f93
0.0001,524288,2,par,stddev,nan,nan,nan,PCARegularN,sympartialACA,S,Laplace,cpu_amd_irene,c348f93
0.0001,524288,4,par,0,501.513,0.998006,10.7786,PCARegularN,sympartialACA,S,Laplace,cpu_amd_irene,c348f93
0.0001,524288,4,par,mean,501.513,0.998006,10.7786,PCARegularN,sympartialACA,S,Laplace,cpu_amd_irene,c348f93
0.0001,524288,4,par,stddev,nan,nan,nan,PCARegularN,sympartialACA,S,Laplace,cpu_amd_irene,c348f93
0.0001,524288,8,par,0,501.513,0.998006,9.50772,PCARegularN,sympartialACA,S,Laplace,cpu_amd_irene,c348f93
0.0001,524288,8,par,mean,501.513,0.998006,9.50772,PCARegularN,sympartialACA,S,Laplace,cpu_amd_irene,c348f93
0.0001,524288,8,par,stddev,nan,nan,nan,PCARegularN,sympartialACA,S,Laplace,cpu_amd_irene,c348f93
0.0001,524288,16,par,0,501.513,0.998006,8.4488,PCARegularN,sympartialACA,S,Laplace,cpu_amd_irene,c348f93
0.0001,524288,16,par,mean,501.513,0.998006,8.4488,PCARegularN,sympartialACA,S,Laplace,cpu_amd_irene,c348f93
0.0001,524288,16,par,stddev,nan,nan,nan,PCARegularN,sympartialACA,S,Laplace,cpu_amd_irene,c348f93
0.0001,524288,1,omp_task,0,501.513,0.998006,28.8381,PCARegularN,sympartialACA,S,Laplace,cpu_amd_irene,c348f93
0.0001,524288,1,omp_task,mean,501.513,0.998006,28.8381,PCARegularN,sympartialACA,S,Laplace,cpu_amd_irene,c348f93
0.0001,524288,1,omp_task,stddev,nan,nan,nan,PCARegularN,sympartialACA,S,Laplace,cpu_amd_irene,c348f93
0.0001,524288,2,omp_task,0,501.513,0.998006,15.9845,PCARegularN,sympartialACA,S,Laplace,cpu_amd_irene,c348f93
0.0001,524288,2,omp_task,mean,501.513,0.998006,15.9845,PCARegularN,sympartialACA,S,Laplace,cpu_amd_irene,c348f93
0.0001,524288,2,omp_task,stddev,nan,nan,nan,PCARegularN,sympartialACA,S,Laplace,cpu_amd_irene,c348f93
0.0001,524288,4,omp_task,0,501.513,0.998006,14.057,PCARegularN,sympartialACA,S,Laplace,cpu_amd_irene,c348f93
0.0001,524288,4,omp_task,mean,501.513,0.998006,14.057,PCARegularN,sympartialACA,S,Laplace,cpu_amd_irene,c348f93
0.0001,524288,4,omp_task,stddev,nan,nan,nan,PCARegularN,sympartialACA,S,Laplace,cpu_amd_irene,c348f93
0.0001,524288,8,omp_task,0,501.513,0.998006,13.929,PCARegularN,sympartialACA,S,Laplace,cpu_amd_irene,c348f93
0.0001,524288,8,omp_task,mean,501.513,0.998006,13.929,PCARegularN,sympartialACA,S,Laplace,cpu_amd_irene,c348f93
0.0001,524288,8,omp_task,stddev,nan,nan,nan,PCARegularN,sympartialACA,S,Laplace,cpu_amd_irene,c348f93
0.0001,524288,16,omp_task,0,501.513,0.998006,13.5307,PCARegularN,sympartialACA,S,Laplace,cpu_amd_irene,c348f93
0.0001,524288,16,omp_task,mean,501.513,0.998006,13.5307,PCARegularN,sympartialACA,S,Laplace,cpu_amd_irene,c348f93
0.0001,524288,16,omp_task,stddev,nan,nan,nan,PCARegularN,sympartialACA,S,Laplace,cpu_amd_irene,c348f93
1e-10,262144,1,par,0,68.4456,0.98539,78.0199,PCARegularN,sympartialACA,S,Helmholtz,cpu_amd_irene,c348f93
1e-10,262144,1,par,mean,68.4456,0.98539,78.0199,PCARegularN,sympartialACA,S,Helmholtz,cpu_amd_irene,c348f93
1e-10,262144,1,par,stddev,nan,nan,nan,PCARegularN,sympartialACA,S,Helmholtz,cpu_amd_irene,c348f93
1e-10,262144,2,par,0,68.4456,0.98539,43.7155,PCARegularN,sympartialACA,S,Helmholtz,cpu_amd_irene,c348f93
1e-10,262144,2,par,mean,68.4456,0.98539,43.7155,PCARegularN,sympartialACA,S,Helmholtz,cpu_amd_irene,c348f93
1e-10,262144,2,par,stddev,nan,nan,nan,PCARegularN,sympartialACA,S,Helmholtz,cpu_amd_irene,c348f93
1e-10,262144,4,par,0,68.4456,0.98539,30.6908,PCARegularN,sympartialACA,S,Helmholtz,cpu_amd_irene,c348f93
1e-10,262144,4,par,mean,68.4456,0.98539,30.6908,PCARegularN,sympartialACA,S,Helmholtz,cpu_amd_irene,c348f93
1e-10,262144,4,par,stddev,nan,nan,nan,PCARegularN,sympartialACA,S,Helmholtz,cpu_amd_irene,c348f93
1e-10,262144,8,par,0,68.4456,0.98539,31.2882,PCARegularN,sympartialACA,S,Helmholtz,cpu_amd_irene,c348f93
1e-10,262144,8,par,mean,68.4456,0.98539,31.2882,PCARegularN,sympartialACA,S,Helmholtz,cpu_amd_irene,c348f93
1e-10,262144,8,par,stddev,nan,nan,nan,PCARegularN,sympartialACA,S,Helmholtz,cpu_amd_irene,c348f93
1e-10,262144,16,par,0,68.4456,0.98539,27.084,PCARegularN,sympartialACA,S,Helmholtz,cpu_amd_irene,c348f93
1e-10,262144,16,par,mean,68.4456,0.98539,27.084,PCARegularN,sympartialACA,S,Helmholtz,cpu_amd_irene,c348f93
1e-10,262144,16,par,stddev,nan,nan,nan,PCARegularN,sympartialACA,S,Helmholtz,cpu_amd_irene,c348f93
1e-10,262144,1,omp_task,0,68.4456,0.98539,77.0079,PCARegularN,sympartialACA,S,Helmholtz,cpu_amd_irene,c348f93
1e-10,262144,1,omp_task,mean,68.4456,0.98539,77.0079,PCARegularN,sympartialACA,S,Helmholtz,cpu_amd_irene,c348f93
1e-10,262144,1,omp_task,stddev,nan,nan,nan,PCARegularN,sympartialACA,S,Helmholtz,cpu_amd_irene,c348f93
1e-10,262144,2,omp_task,0,68.4456,0.98539,43.373,PCARegularN,sympartialACA,S,Helmholtz,cpu_amd_irene,c348f93
1e-10,262144,2,omp_task,mean,68.4456,0.98539,43.373,PCARegularN,sympartialACA,S,Helmholtz,cpu_amd_irene,c348f93
1e-10,262144,2,omp_task,stddev,nan,nan,nan,PCARegularN,sympartialACA,S,Helmholtz,cpu_amd_irene,c348f93
1e-10,262144,4,omp_task,0,68.4456,0.98539,34.1372,PCARegularN,sympartialACA,S,Helmholtz,cpu_amd_irene,c348f93
1e-10,262144,4,omp_task,mean,68.4456,0.98539,34.1372,PCARegularN,sympartialACA,S,Helmholtz,cpu_amd_irene,c348f93
1e-10,262144,4,omp_task,stddev,nan,nan,nan,PCARegularN,sympartialACA,S,Helmholtz,cpu_amd_irene,c348f93
1e-10,262144,8,omp_task,0,68.4456,0.98539,33.6706,PCARegularN,sympartialACA,S,Helmholtz,cpu_amd_irene,c348f93
1e-10,262144,8,omp_task,mean,68.4456,0.98539,33.6706,PCARegularN,sympartialACA,S,Helmholtz,cpu_amd_irene,c348f93
1e-10,262144,8,omp_task,stddev,nan,nan,nan,PCARegularN,sympartialACA,S,Helmholtz,cpu_amd_irene,c348f93
1e-10,262144,16,omp_task,0,68.4456,0.98539,31.5235,PCARegularN,sympartialACA,S,Helmholtz,cpu_amd_irene,c348f93
1e-10,262144,16,omp_task,mean,68.4456,0.98539,31.5235,PCARegularN,sympartialACA,S,Helmholtz,cpu_amd_irene,c348f93
1e-10,262144,16,omp_task,stddev,nan,nan,nan,PCARegularN,sympartialACA,S,Helmholtz,cpu_amd_irene,c348f93
1e-10,524288,1,par,0,126.369,0.992087,174.222,PCARegularN,sympartialACA,S,Helmholtz,cpu_amd_irene,c348f93
1e-10,524288,1,par,mean,126.369,0.992087,174.222,PCARegularN,sympartialACA,S,Helmholtz,cpu_amd_irene,c348f93
1e-10,524288,1,par,stddev,nan,nan,nan,PCARegularN,sympartialACA,S,Helmholtz,cpu_amd_irene,c348f93
1e-10,524288,2,par,0,126.369,0.992087,96.0026,PCARegularN,sympartialACA,S,Helmholtz,cpu_amd_irene,c348f93
1e-10,524288,2,par,mean,126.369,0.992087,96.0026,PCARegularN,sympartialACA,S,Helmholtz,cpu_amd_irene,c348f93
1e-10,524288,2,par,stddev,nan,nan,nan,PCARegularN,sympartialACA,S,Helmholtz,cpu_amd_irene,c348f93
1e-10,524288,4,par,0,126.369,0.992087,65.1899,PCARegularN,sympartialACA,S,Helmholtz,cpu_amd_irene,c348f93
1e-10,524288,4,par,mean,126.369,0.992087,65.1899,PCARegularN,sympartialACA,S,Helmholtz,cpu_amd_irene,c348f93
1e-10,524288,4,par,stddev,nan,nan,nan,PCARegularN,sympartialACA,S,Helmholtz,cpu_amd_irene,c348f93
1e-10,524288,8,par,0,126.369,0.992087,64.8359,PCARegularN,sympartialACA,S,Helmholtz,cpu_amd_irene,c348f93
1e-10,524288,8,par,mean,126.369,0.992087,64.8359,PCARegularN,sympartialACA,S,Helmholtz,cpu_amd_irene,c348f93
1e-10,524288,8,par,stddev,nan,nan,nan,PCARegularN,sympartialACA,S,Helmholtz,cpu_amd_irene,c348f93
1e-10,524288,16,par,0,126.369,0.992087,50.698,PCARegularN,sympartialACA,S,Helmholtz,cpu_amd_irene,c348f93
1e-10,524288,16,par,mean,126.369,0.992087,50.698,PCARegularN,sympartialACA,S,Helmholtz,cpu_amd_irene,c348f93
1e-10,524288,16,par,stddev,nan,nan,nan,PCARegularN,sympartialACA,S,Helmholtz,cpu_amd_irene,c348f93
1e-10,524288,1,omp_task,0,126.369,0.992087,174.347,PCARegularN,sympartialACA,S,Helmholtz,cpu_amd_irene,c348f93
1e-10,524288,1,omp_task,mean,126.369,0.992087,174.347,PCARegularN,sympartialACA,S,Helmholtz,cpu_amd_irene,c348f93
1e-10,524288,1,omp_task,stddev,nan,nan,nan,PCARegularN,sympartialACA,S,Helmholtz,cpu_amd_irene,c348f93
1e-10,524288,2,omp_task,0,126.369,0.992087,95.3215,PCARegularN,sympartialACA,S,Helmholtz,cpu_amd_irene,c348f93
1e-10,524288,2,omp_task,mean,126.369,0.992087,95.3215,PCARegularN,sympartialACA,S,Helmholtz,cpu_amd_irene,c348f93
1e-10,524288,2,omp_task,stddev,nan,nan,nan,PCARegularN,sympartialACA,S,Helmholtz,cpu_amd_irene,c348f93
1e-10,524288,4,omp_task,0,126.369,0.992087,75.5312,PCARegularN,sympartialACA,S,Helmholtz,cpu_amd_irene,c348f93
1e-10,524288,4,omp_task,mean,126.369,0.992087,75.5312,PCARegularN,sympartialACA,S,Helmholtz,cpu_amd_irene,c348f93
1e-10,524288,4,omp_task,stddev,nan,nan,nan,PCARegularN,sympartialACA,S,Helmholtz,cpu_amd_irene,c348f93
1e-10,524288,8,omp_task,0,126.369,0.992087,73.9588,PCARegularN,sympartialACA,S,Helmholtz,cpu_amd_irene,c348f93
1e-10,524288,8,omp_task,mean,126.369,0.992087,73.9588,PCARegularN,sympartialACA,S,Helmholtz,cpu_amd_irene,c348f93
1e-10,524288,8,omp_task,stddev,nan,nan,nan,PCARegularN,sympartialACA,S,Helmholtz,cpu_amd_irene,c348f93
1e-10,524288,16,omp_task,0,126.369,0.992087,68.5716,PCARegularN,sympartialACA,S,Helmholtz,cpu_amd_irene,c348f93
1e-10,524288,16,omp_task,mean,126.369,0.992087,68.5716,PCARegularN,sympartialACA,S,Helmholtz,cpu_amd_irene,c348f93
1e-10,524288,16,omp_task,stddev,nan,nan,nan,PCARegularN,sympartialACA,S,Helmholtz,cpu_amd_irene,c348f93
1e-07,262144,1,par,0,106.93,0.990648,49.0107,PCARegularN,sympartialACA,S,Helmholtz,cpu_amd_irene,c348f93
1e-07,262144,1,par,mean,106.93,0.990648,49.0107,PCARegularN,sympartialACA,S,Helmholtz,cpu_amd_irene,c348f93
1e-07,262144,1,par,stddev,nan,nan,nan,PCARegularN,sympartialACA,S,Helmholtz,cpu_amd_irene,c348f93
1e-07,262144,2,par,0,106.93,0.990648,27.8559,PCARegularN,sympartialACA,S,Helmholtz,cpu_amd_irene,c348f93
1e-07,262144,2,par,mean,106.93,0.990648,27.8559,PCARegularN,sympartialACA,S,Helmholtz,cpu_amd_irene,c348f93
1e-07,262144,2,par,stddev,nan,nan,nan,PCARegularN,sympartialACA,S,Helmholtz,cpu_amd_irene,c348f93
1e-07,262144,4,par,0,106.93,0.990648,19.8792,PCARegularN,sympartialACA,S,Helmholtz,cpu_amd_irene,c348f93
1e-07,262144,4,par,mean,106.93,0.990648,19.8792,PCARegularN,sympartialACA,S,Helmholtz,cpu_amd_irene,c348f93
1e-07,262144,4,par,stddev,nan,nan,nan,PCARegularN,sympartialACA,S,Helmholtz,cpu_amd_irene,c348f93
1e-07,262144,8,par,0,106.93,0.990648,20.2696,PCARegularN,sympartialACA,S,Helmholtz,cpu_amd_irene,c348f93
1e-07,262144,8,par,mean,106.93,0.990648,20.2696,PCARegularN,sympartialACA,S,Helmholtz,cpu_amd_irene,c348f93
1e-07,262144,8,par,stddev,nan,nan,nan,PCARegularN,sympartialACA,S,Helmholtz,cpu_amd_irene,c348f93
1e-07,262144,16,par,0,106.93,0.990648,17.5748,PCARegularN,sympartialACA,S,Helmholtz,cpu_amd_irene,c348f93
1e-07,262144,16,par,mean,106.93,0.990648,17.5748,PCARegularN,sympartialACA,S,Helmholtz,cpu_amd_irene,c348f93
1e-07,262144,16,par,stddev,nan,nan,nan,PCARegularN,sympartialACA,S,Helmholtz,cpu_amd_irene,c348f93
1e-07,262144,1,omp_task,0,106.93,0.990648,49.0036,PCARegularN,sympartialACA,S,Helmholtz,cpu_amd_irene,c348f93
1e-07,262144,1,omp_task,mean,106.93,0.990648,49.0036,PCARegularN,sympartialACA,S,Helmholtz,cpu_amd_irene,c348f93
1e-07,262144,1,omp_task,stddev,nan,nan,nan,PCARegularN,sympartialACA,S,Helmholtz,cpu_amd_irene,c348f93
1e-07,262144,2,omp_task,0,106.93,0.990648,27.9973,PCARegularN,sympartialACA,S,Helmholtz,cpu_amd_irene,c348f93
1e-07,262144,2,omp_task,mean,106.93,0.990648,27.9973,PCARegularN,sympartialACA,S,Helmholtz,cpu_amd_irene,c348f93
1e-07,262144,2,omp_task,stddev,nan,nan,nan,PCARegularN,sympartialACA,S,Helmholtz,cpu_amd_irene,c348f93
1e-07,262144,4,omp_task,0,106.93,0.990648,21.9946,PCARegularN,sympartialACA,S,Helmholtz,cpu_amd_irene,c348f93
1e-07,262144,4,omp_task,mean,106.93,0.990648,21.9946,PCARegularN,sympartialACA,S,Helmholtz,cpu_amd_irene,c348f93
1e-07,262144,4,omp_task,stddev,nan,nan,nan,PCARegularN,sympartialACA,S,Helmholtz,cpu_amd_irene,c348f93
1e-07,262144,8,omp_task,0,106.93,0.990648,21.9442,PCARegularN,sympartialACA,S,Helmholtz,cpu_amd_irene,c348f93
1e-07,262144,8,omp_task,mean,106.93,0.990648,21.9442,PCARegularN,sympartialACA,S,Helmholtz,cpu_amd_irene,c348f93
1e-07,262144,8,omp_task,stddev,nan,nan,nan,PCARegularN,sympartialACA,S,Helmholtz,cpu_amd_irene,c348f93
1e-07,262144,16,omp_task,0,106.93,0.990648,20.4947,PCARegularN,sympartialACA,S,Helmholtz,cpu_amd_irene,c348f93
1e-07,262144,16,omp_task,mean,106.93,0.990648,20.4947,PCARegularN,sympartialACA,S,Helmholtz,cpu_amd_irene,c348f93
1e-07,262144,16,omp_task,stddev,nan,nan,nan,PCARegularN,sympartialACA,S,Helmholtz,cpu_amd_irene,c348f93
1e-07,524288,1,par,0,198.564,0.994964,109.492,PCARegularN,sympartialACA,S,Helmholtz,cpu_amd_irene,c348f93
1e-07,524288,1,par,mean,198.564,0.994964,109.492,PCARegularN,sympartialACA,S,Helmholtz,cpu_amd_irene,c348f93
1e-07,524288,1,par,stddev,nan,nan,nan,PCARegularN,sympartialACA,S,Helmholtz,cpu_amd_irene,c348f93
1e-07,524288,2,par,0,198.564,0.994964,60.6914,PCARegularN,sympartialACA,S,Helmholtz,cpu_amd_irene,c348f93
1e-07,524288,2,par,mean,198.564,0.994964,60.6914,PCARegularN,sympartialACA,S,Helmholtz,cpu_amd_irene,c348f93
1e-07,524288,2,par,stddev,nan,nan,nan,PCARegularN,sympartialACA,S,Helmholtz,cpu_amd_irene,c348f93
1e-07,524288,4,par,0,198.564,0.994964,42.6358,PCARegularN,sympartialACA,S,Helmholtz,cpu_amd_irene,c348f93
1e-07,524288,4,par,mean,198.564,0.994964,42.6358,PCARegularN,sympartialACA,S,Helmholtz,cpu_amd_irene,c348f93
1e-07,524288,4,par,stddev,nan,nan,nan,PCARegularN,sympartialACA,S,Helmholtz,cpu_amd_irene,c348f93
1e-07,524288,8,par,0,198.564,0.994964,42.7331,PCARegularN,sympartialACA,S,Helmholtz,cpu_amd_irene,c348f93
1e-07,524288,8,par,mean,198.564,0.994964,42.7331,PCARegularN,sympartialACA,S,Helmholtz,cpu_amd_irene,c348f93
1e-07,524288,8,par,stddev,nan,nan,nan,PCARegularN,sympartialACA,S,Helmholtz,cpu_amd_irene,c348f93
1e-07,524288,16,par,0,198.564,0.994964,34.9393,PCARegularN,sympartialACA,S,Helmholtz,cpu_amd_irene,c348f93
1e-07,524288,16,par,mean,198.564,0.994964,34.9393,PCARegularN,sympartialACA,S,Helmholtz,cpu_amd_irene,c348f93
1e-07,524288,16,par,stddev,nan,nan,nan,PCARegularN,sympartialACA,S,Helmholtz,cpu_amd_irene,c348f93
1e-07,524288,1,omp_task,0,198.564,0.994964,107.691,PCARegularN,sympartialACA,S,Helmholtz,cpu_amd_irene,c348f93
1e-07,524288,1,omp_task,mean,198.564,0.994964,107.691,PCARegularN,sympartialACA,S,Helmholtz,cpu_amd_irene,c348f93
1e-07,524288,1,omp_task,stddev,nan,nan,nan,PCARegularN,sympartialACA,S,Helmholtz,cpu_amd_irene,c348f93
1e-07,524288,2,omp_task,0,198.564,0.994964,59.8475,PCARegularN,sympartialACA,S,Helmholtz,cpu_amd_irene,c348f93
1e-07,524288,2,omp_task,mean,198.564,0.994964,59.8475,PCARegularN,sympartialACA,S,Helmholtz,cpu_amd_irene,c348f93
1e-07,524288,2,omp_task,stddev,nan,nan,nan,PCARegularN,sympartialACA,S,Helmholtz,cpu_amd_irene,c348f93
1e-07,524288,4,omp_task,0,198.564,0.994964,48.6138,PCARegularN,sympartialACA,S,Helmholtz,cpu_amd_irene,c348f93
1e-07,524288,4,omp_task,mean,198.564,0.994964,48.6138,PCARegularN,sympartialACA,S,Helmholtz,cpu_amd_irene,c348f93
1e-07,524288,4,omp_task,stddev,nan,nan,nan,PCARegularN,sympartialACA,S,Helmholtz,cpu_amd_irene,c348f93
1e-07,524288,8,omp_task,0,198.564,0.994964,47.5168,PCARegularN,sympartialACA,S,Helmholtz,cpu_amd_irene,c348f93
1e-07,524288,8,omp_task,mean,198.564,0.994964,47.5168,PCARegularN,sympartialACA,S,Helmholtz,cpu_amd_irene,c348f93
1e-07,524288,8,omp_task,stddev,nan,nan,nan,PCARegularN,sympartialACA,S,Helmholtz,cpu_amd_irene,c348f93
1e-07,524288,16,omp_task,0,198.564,0.994964,44.0906,PCARegularN,sympartialACA,S,Helmholtz,cpu_amd_irene,c348f93
1e-07,524288,16,omp_task,mean,198.564,0.994964,44.0906,PCARegularN,sympartialACA,S,Helmholtz,cpu_amd_irene,c348f93
1e-07,524288,16,omp_task,stddev,nan,nan,nan,PCARegularN,sympartialACA,S,Helmholtz,cpu_amd_irene,c348f93
0.0001,262144,1,par,0,198.42,0.99496,28.1661,PCARegularN,sympartialACA,S,Helmholtz,cpu_amd_irene,c348f93
0.0001,262144,1,par,mean,198.42,0.99496,28.1661,PCARegularN,sympartialACA,S,Helmholtz,cpu_amd_irene,c348f93
0.0001,262144,1,par,stddev,nan,nan,nan,PCARegularN,sympartialACA,S,Helmholtz,cpu_amd_irene,c348f93
0.0001,262144,2,par,0,198.42,0.99496,15.9202,PCARegularN,sympartialACA,S,Helmholtz,cpu_amd_irene,c348f93
0.0001,262144,2,par,mean,198.42,0.99496,15.9202,PCARegularN,sympartialACA,S,Helmholtz,cpu_amd_irene,c348f93
0.0001,262144,2,par,stddev,nan,nan,nan,PCARegularN,sympartialACA,S,Helmholtz,cpu_amd_irene,c348f93
0.0001,262144,4,par,0,198.42,0.99496,11.4855,PCARegularN,sympartialACA,S,Helmholtz,cpu_amd_irene,c348f93
0.0001,262144,4,par,mean,198.42,0.99496,11.4855,PCARegularN,sympartialACA,S,Helmholtz,cpu_amd_irene,c348f93
0.0001,262144,4,par,stddev,nan,nan,nan,PCARegularN,sympartialACA,S,Helmholtz,cpu_amd_irene,c348f93
0.0001,262144,8,par,0,198.42,0.99496,11.2318,PCARegularN,sympartialACA,S,Helmholtz,cpu_amd_irene,c348f93
0.0001,262144,8,par,mean,198.42,0.99496,11.2318,PCARegularN,sympartialACA,S,Helmholtz,cpu_amd_irene,c348f93
0.0001,262144,8,par,stddev,nan,nan,nan,PCARegularN,sympartialACA,S,Helmholtz,cpu_amd_irene,c348f93
0.0001,262144,16,par,0,198.42,0.99496,9.88864,PCARegularN,sympartialACA,S,Helmholtz,cpu_amd_irene,c348f93
0.0001,262144,16,par,mean,198.42,0.99496,9.88864,PCARegularN,sympartialACA,S,Helmholtz,cpu_amd_irene,c348f93
0.0001,262144,16,par,stddev,nan,nan,nan,PCARegularN,sympartialACA,S,Helmholtz,cpu_amd_irene,c348f93
0.0001,262144,1,omp_task,0,198.42,0.99496,27.9212,PCARegularN,sympartialACA,S,Helmholtz,cpu_amd_irene,c348f93
0.0001,262144,1,omp_task,mean,198.42,0.99496,27.9212,PCARegularN,sympartialACA,S,Helmholtz,cpu_amd_irene,c348f93
0.0001,262144,1,omp_task,stddev,nan,nan,nan,PCARegularN,sympartialACA,S,Helmholtz,cpu_amd_irene,c348f93
0.0001,262144,2,omp_task,0,198.42,0.99496,15.8625,PCARegularN,sympartialACA,S,Helmholtz,cpu_amd_irene,c348f93
0.0001,262144,2,omp_task,mean,198.42,0.99496,15.8625,PCARegularN,sympartialACA,S,Helmholtz,cpu_amd_irene,c348f93
0.0001,262144,2,omp_task,stddev,nan,nan,nan,PCARegularN,sympartialACA,S,Helmholtz,cpu_amd_irene,c348f93
0.0001,262144,4,omp_task,0,198.42,0.99496,13.1736,PCARegularN,sympartialACA,S,Helmholtz,cpu_amd_irene,c348f93
0.0001,262144,4,omp_task,mean,198.42,0.99496,13.1736,PCARegularN,sympartialACA,S,Helmholtz,cpu_amd_irene,c348f93
0.0001,262144,4,omp_task,stddev,nan,nan,nan,PCARegularN,sympartialACA,S,Helmholtz,cpu_amd_irene,c348f93
0.0001,262144,8,omp_task,0,198.42,0.99496,13.2118,PCARegularN,sympartialACA,S,Helmholtz,cpu_amd_irene,c348f93
0.0001,262144,8,omp_task,mean,198.42,0.99496,13.2118,PCARegularN,sympartialACA,S,Helmholtz,cpu_amd_irene,c348f93
0.0001,262144,8,omp_task,stddev,nan,nan,nan,PCARegularN,sympartialACA,S,Helmholtz,cpu_amd_irene,c348f93
0.0001,262144,16,omp_task,0,198.42,0.99496,12.5238,PCARegularN,sympartialACA,S,Helmholtz,cpu_amd_irene,c348f93
0.0001,262144,16,omp_task,mean,198.42,0.99496,12.5238,PCARegularN,sympartialACA,S,Helmholtz,cpu_amd_irene,c348f93
0.0001,262144,16,omp_task,stddev,nan,nan,nan,PCARegularN,sympartialACA,S,Helmholtz,cpu_amd_irene,c348f93
0.0001,524288,1,par,0,372,0.997312,60.6075,PCARegularN,sympartialACA,S,Helmholtz,cpu_amd_irene,c348f93
0.0001,524288,1,par,mean,372,0.997312,60.6075,PCARegularN,sympartialACA,S,Helmholtz,cpu_amd_irene,c348f93
0.0001,524288,1,par,stddev,nan,nan,nan,PCARegularN,sympartialACA,S,Helmholtz,cpu_amd_irene,c348f93
0.0001,524288,2,par,0,372,0.997312,34.659,PCARegularN,sympartialACA,S,Helmholtz,cpu_amd_irene,c348f93
0.0001,524288,2,par,mean,372,0.997312,34.659,PCARegularN,sympartialACA,S,Helmholtz,cpu_amd_irene,c348f93
0.0001,524288,2,par,stddev,nan,nan,nan,PCARegularN,sympartialACA,S,Helmholtz,cpu_amd_irene,c348f93
0.0001,524288,4,par,0,372,0.997312,24.6246,PCARegularN,sympartialACA,S,Helmholtz,cpu_amd_irene,c348f93
0.0001,524288,4,par,mean,372,0.997312,24.6246,PCARegularN,sympartialACA,S,Helmholtz,cpu_amd_irene,c348f93
0.0001,524288,4,par,stddev,nan,nan,nan,PCARegularN,sympartialACA,S,Helmholtz,cpu_amd_irene,c348f93
0.0001,524288,8,par,0,372,0.997312,24.2881,PCARegularN,sympartialACA,S,Helmholtz,cpu_amd_irene,c348f93
0.0001,524288,8,par,mean,372,0.997312,24.2881,PCARegularN,sympartialACA,S,Helmholtz,cpu_amd_irene,c348f93
0.0001,524288,8,par,stddev,nan,nan,nan,PCARegularN,sympartialACA,S,Helmholtz,cpu_amd_irene,c348f93
0.0001,524288,16,par,0,372,0.997312,21.2299,PCARegularN,sympartialACA,S,Helmholtz,cpu_amd_irene,c348f93
0.0001,524288,16,par,mean,372,0.997312,21.2299,PCARegularN,sympartialACA,S,Helmholtz,cpu_amd_irene,c348f93
0.0001,524288,16,par,stddev,nan,nan,nan,PCARegularN,sympartialACA,S,Helmholtz,cpu_amd_irene,c348f93
0.0001,524288,1,omp_task,0,372,0.997312,61.5265,PCARegularN,sympartialACA,S,Helmholtz,cpu_amd_irene,c348f93
0.0001,524288,1,omp_task,mean,372,0.997312,61.5265,PCARegularN,sympartialACA,S,Helmholtz,cpu_amd_irene,c348f93
0.0001,524288,1,omp_task,stddev,nan,nan,nan,PCARegularN,sympartialACA,S,Helmholtz,cpu_amd_irene,c348f93
0.0001,524288,2,omp_task,0,372,0.997312,34.6027,PCARegularN,sympartialACA,S,Helmholtz,cpu_amd_irene,c348f93
0.0001,524288,2,omp_task,mean,372,0.997312,34.6027,PCARegularN,sympartialACA,S,Helmholtz,cpu_amd_irene,c348f93
0.0001,524288,2,omp_task,stddev,nan,nan,nan,PCARegularN,sympartialACA,S,Helmholtz,cpu_amd_irene,c348f93
0.0001,524288,4,omp_task,0,372,0.997312,28.5309,PCARegularN,sympartialACA,S,Helmholtz,cpu_amd_irene,c348f93
0.0001,524288,4,omp_task,mean,372,0.997312,28.5309,PCARegularN,sympartialACA,S,Helmholtz,cpu_amd_irene,c348f93
0.0001,524288,4,omp_task,stddev,nan,nan,nan,PCARegularN,sympartialACA,S,Helmholtz,cpu_amd_irene,c348f93
0.0001,524288,8,omp_task,0,372,0.997312,28.4653,PCARegularN,sympartialACA,S,Helmholtz,cpu_amd_irene,c348f93
0.0001,524288,8,omp_task,mean,372,0.997312,28.4653,PCARegularN,sympartialACA,S,Helmholtz,cpu_amd_irene,c348f93
0.0001,524288,8,omp_task,stddev,nan,nan,nan,PCARegularN,sympartialACA,S,Helmholtz,cpu_amd_irene,c348f93
0.0001,524288,16,omp_task,0,372,0.997312,27.0166,PCARegularN,sympartialACA,S,Helmholtz,cpu_amd_irene,c348f93
0.0001,524288,16,omp_task,mean,372,0.997312,27.0166,PCARegularN,sympartialACA,S,Helmholtz,cpu_amd_irene,c348f93
0.0001,524288,16,omp_task,stddev,nan,nan,nan,PCARegularN,sympartialACA,S,Helmholtz,cpu_amd_irene,c348f93
